,artist_number,artist_name
0,_1,Barnett Newman
1,_2,kiri nichol
2,_3,Tosa Mitsuoki
3,_4,Hiroshige
4,_5,Franz Richard Unterberger
5,_6,Wolfgang Paalen
6,_7,Mabuse
7,_8,Utagawa Kunisada
8,_9,Ivan Aivazovsky
9,_10,Paul Serusier
10,_11,Hieronymus Bosch
11,_12,Mark Rothko
12,_13,Jan van Eyck
13,_14,Julius LeBlanc Stewart
14,_15,Jan Matejko
15,_16,Ferdinand Georg Waldmüller
16,_17,Konstantin Vasilyev
17,_18,Gustave Dore
18,_19,Clara Peeters
19,_20,Diego Velazquez
20,_21,Matthias Stom
21,_22,Jean Fouquet
22,_23,Lyonel Feininger
23,_24,Titian
24,_25,Gerrit Dou
25,_26,Lucas Cranach the Elder
26,_27,Georges Seurat
27,_28,Thomas Gainsborough
28,_29,Michelangelo
29,_30,Auguste Herbin
30,_31,Utagawa Kuniyoshi
31,_32,Odilon Redon
32,_33,Mario Tozzi
33,_34,Sandro Botticelli
34,_35,alex colville
35,_36,First Station
36,_37,Fourth Station
37,_38,Paul Signac
38,_39,William Turner
39,_40,Joseph Wright
40,_41,Claude Lorrain
41,_42,Johannes Vermeer
42,_43,Lorenzo Lotto
43,_44,Henri de Toulouse-Lautrec
44,_45,Konstantin Somov
45,_46,Giovanni Bellini
46,_47,William Hogarth
47,_48,Thomas Eakins
48,_49,Paolo Veronese
49,_50,Pieter Bruegel the Elder
50,_51,El Greco
51,_52,Carlos Saenz de Tejada
52,_53,August Macke
53,_54,Gustave Caillebotte
54,_55,Ferdinand Hodler
55,_56,Franz Stuck
56,_57,Edouard Vuillard
57,_58,Koloman Moser
58,_59,Nicolas Poussin
59,_60,William-Adolphe Bouguereau
60,_61,Rembrandt
61,_62,Judith Leyster
62,_63,Ernst Ludwig Kirchner
63,_64,Joshua Reynolds
64,_65,Utagawa Kunisada II
65,_66,Theo van Rysselberghe
66,_67,Heinrich Schonfeld
67,_68,Rudolf von Alt
68,_69,Adriaen van de Velde
69,_70,Victor Borisov-Musatov
70,_71,William Merritt Chase
71,_72,Edgar Degas
72,_73,Kazimir Malevich
73,_74,Suzanne Valadon
74,_75,Felicien Rops
75,_76,Juan Gris
76,_77,kirsty ellen mottram
77,_78,Emil Schumacher
78,_79,Shitao
79,_80,Akseli Gallen-Kallela
80,_81,Giorgio Vasari
81,_82,Francisco de Zurbaran
82,_83,Alfred Stevens
83,_84,Karl Bodmer
84,_85,Frans Snyders
85,_86,Eugeniusz Żak
86,_87,Cornelis de Vos
87,_88,Claude Monet
88,_89,Theodor Severin Kittelsen
89,_90,Domenico Veneziano
90,_91,Domenico Gnoli
91,_92,Marie Laurencin
92,_93,Gian Lorenzo Bernini
93,_94,Valentin Serov
94,_95,Arnold Böcklin
95,_96,Pierre-Paul Prud'hon
96,_97,Felix Vallotton 
97,_98,William Blake
98,_99,Pierre-Auguste Renoir
99,_100,Isaac van Ostade
100,_101,Albert Trachsel
101,_102,Agnolo Bronzino
102,_103,Andrea Mantegna
103,_104,Albrecht Durer
104,_105,Guido Reni
105,_106,Benjamin West
106,_107,Martin Schongauer
107,_108,Frederic Edwin Church
108,_109,Eugène Grasset
109,_110,Gerard David
110,_111,Francisco Goya
111,_112,Pieter de Hooch
112,_113,Franz Xaver Winterhalter
113,_114,David Wilkie
114,_115,Pavel Fedotov
115,_116,Filippo Lippi
116,_117,Ivan Kramskoy
117,_118,Theophile Steinlen
118,_119,Jean-Leon Gerome
119,_120,Thomas Cole
120,_121,Jean-Honore Fragonard
121,_122,Leon Bonnat
122,_123,Katsushika Hokusai
123,_124,Tintoretto
124,_125,Nicolae Grigorescu
125,_126,Orest Kiprensky
126,_127,Alphonse Mucha
127,_128,Joan Miro
128,_129,Paul Revere
129,_130,Dmitry Levitzky
130,_131,Eugene von Guerard
131,_132,Henri Rousseau
132,_133,Anders Zorn
133,_134,Alfred Sisley
134,_135,500 Rakan temples
135,_136,Ivan Bilibin
136,_137,Andrea Solario
137,_138,Dante Gabriel Rossetti
138,_139,Leonardo da Vinci
139,_140,Francois Boucher
140,_141,Theodore Gericault
141,_142,Julian Alden Weir
142,_143,Konstantinos Volanakis
143,_144,Sir Lawrence Alma-Tadema
144,_145,Berthe Morisot
145,_146,Fyodor Bronnikov
146,_147,Caravaggio
147,_148,Andre Bauchant
148,_149,Gustave Moreau
149,_150,concetto di distorsione
150,_151,Jacques Stella
151,_152,Antonello da Messina
152,_153,Vladimir Borovikovsky
153,_154,Honore Daumier
154,_155,Matthias Grünewald
155,_156,Vasily Tropinin
156,_157,Eugene de Blaas
157,_158,Agostino Carracci
158,_159,John Glover
159,_160,Winslow Homer
160,_161,Ivan Shishkin
161,_162,Walter Crane
162,_163,El Lissitzky
163,_164,Louise Elisabeth Vigee Le Brun
164,_165,Kitagawa Utamaro
165,_166,Hans Baldung
166,_167,Luc-Olivier Merson
167,_168,Kurt Schwitters
168,_169,Giovanni Battista Piranesi
169,_170,Charles Rennie Mackintosh
170,_171,Mstislav Dobuzhinsky
171,_172,Carl Larsson
172,_173,Camille Corot
173,_174,Jean-Michel Basquiat
174,_175,Childe Hassam
175,_176,Alexander Ivanov
176,_177,Jean Metzinger
177,_178,Giuseppe de Nittis
178,_179,Theo van Doesburg
179,_180,Eustache Le Sueur
180,_181,Alexey Venetsianov
181,_182,Gabriel Metsu
182,_183,Ford Madox Brown
183,_184,Nikolai Ge
184,_185,Esaias van de Velde
185,_186,Mark Tobey
186,_187,Church of the Covenant (Boston) 
187,_188,Giotto
188,_189,Viktor Vasnetsov
189,_190,John Bradley
190,_191,Eva Hesse
191,_192,Lajos Kassak
192,_193,Fyodor Alekseyev
193,_194,Bernardo Bellotto
194,_195,Giulio Turcato
195,_196,John Bauer
196,_197,Caspar David Friedrich
197,_198,Andrei Rublev
198,_199,Allan Ramsay
199,_200,Francesco Solimena
200,_201,Pietro Perugino
201,_202,Raphael Kirchner
202,_203,Le Nain brothers
203,_204,Marcus Larson
204,_205,Marevna (Marie Vorobieff)
205,_206,Joshua Johnson
206,_207,James Tissot
207,_208,Paula Modersohn-Becker
208,_209,Sven Jonson
209,_210,Jan Steen
210,_211,Georges de la Tour
211,_212,Giovanni Boldini
212,_213,Bernhard Strigel
213,_214,Jean Cocteau
214,_215,Jean-Francois Millet
215,_216,Vasily Vereshchagin
216,_217,Jose Clemente Orozco
217,_218,David Alfaro Siqueiros
218,_219,Niko Pirosmani
219,_220,Jan van Hemessen
220,_221,Gustav Klimt
221,_222,John Constable
222,_223,Hans Memling
223,_224,Eugene Boudin
224,_225,Paolo Uccello
225,_226,Taras Shevchenko
226,_227,Arthur Hughes
227,_228,Emilio Grau Sala
228,_229,Kimon Loghi
229,_230,Jan Sluyters
230,_231,Vittore Carpaccio
231,_232,Albrecht Altdorfer
232,_233,John William Waterhouse
233,_234,Christopher Wood
234,_235,Paul Cezanne
235,_236,Frans Hals
236,_237,Giovanni Domenico Tiepolo
237,_238,Aurel Cojan
238,_239,John Singer Sargent
239,_240,Jusepe de Ribera
240,_241,Hugo van der Goes
241,_242,Pavel Filonov
242,_243,Olle Baertling
243,_244,Peter Paul Rubens
244,_245,Vasily Surikov
245,_246,Gaston Chaissac
246,_247,Keith Haring
247,_248,Giovanni Paolo Panini
248,_249,Francesco Hayez
249,_250,Mir Emad Hassani
250,_251,Vincent van Gogh
251,_252,Frederic Leighton
252,_253,John Roddam Spencer Stanhope
253,_254,Edward Burne-Jones
254,_255,Saturnino Herran
255,_256,Annibale Carracci
256,_257,Adriaen van de Venne
257,_258,Rene Duvillier
258,_259,Angelica Kauffman
259,_260,Carlo Crivelli
260,_261,Marjorie Strider
261,_262,Pierre-Narcisse Guerin
262,_263,Mikhail Vrubel
263,_264,Georges Braque
264,_265,Lyubov Popova
265,_266,Pietro Longhi
266,_267,Antoine Watteau
267,_268,Jacques-Louis David
268,_269,Arthur Beecher Carles
269,_270,George Frederick Watts
270,_271,Eugene Delacroix
271,_272,Filipp Malyavin
272,_273,Serge Sudeikin
273,_274,Henry Raeburn
274,_275,Giovanni Battista Tiepolo
275,_276,Eugene Brands
276,_277,Cagnaccio di San Pietro
277,_278,Gotthard Graubner
278,_279,Pericles Pantazis 
279,_280,John Singleton Copley
280,_281,"White Frost, Sunrise"
281,_282,Masaccio
282,_283,Robert Campin
283,_284,Isaac Levitan
284,_285,Adriaen van Ostade
285,_286,Jean Rene Bazaine
286,_287,Dirk Bouts
287,_288,Hans Holbein the Younger
288,_289,Johan Hendrik Weissenbruch
289,_290,Max Slevogt
290,_291,Irma Stern
291,_292,William Holman Hunt
292,_293,Grant Wood
293,_294,Alonzo Cano
294,_295,Theodore Chasseriau
295,_296,Umberto Boccioni
296,_297,Cimabue
297,_298,Constant Troyon
298,_299,Adoration of the Shepherds 
299,_300,Jacopo Pontormo
300,_301,Vasile Kazar
301,_302,Alfredo Volpi
302,_303,Andrea del Sarto
303,_304,Edwin Henry Landseer
304,_305,Raoul Dufy
305,_306,"Pontgibaud, village in Peschadoire"
306,_307,Qi Baishi
307,_308,Louis Comfort Tiffany
308,_309,Richard Mortensen
309,_310,Jean Auguste Dominique Ingres
310,_311,Herrad of Landsberg
311,_312,Alice Neel
312,_313,Georg Pauli
313,_314,Antoine Pesne
314,_315,Parmigianino
315,_316,Zdislav Beksinski
316,_317,Gustave Loiseau
317,_318,Louis Marcoussis
318,_319,Scene Baptism of Christ
319,_320,John Everett Millais
320,_321,David Burliuk
321,_322,Jean-Marc Nattier
322,_323,Luis Dourdil
323,_324,Toyohara Chikanobu
324,_325,Konrad Witz
325,_326,Maerten van Heemskerck
326,_327,Gerard Schneider
327,_328,Bernardo Strozzi
328,_329,Camille Pissarro
329,_330,At Les Ambassadeurs
330,_331,George Bouzianis
331,_332,Gustave Courbet
332,_333,Edwin Lord Weeks
333,_334,Eric Ravilious
334,_335,Before the Start
335,_336,William Shayer
336,_337,Petrus Christus
337,_338,Robert Julian Onderdonk
338,_339,George Stubbs
339,_340,Jan Provoost
340,_341,Jean-Baptiste-Simeon Chardin
341,_342,John Atkinson Grimshaw
342,_343,Richard Hamilton
343,_344,Luis Sacilotto
344,_345,Margareta Sterian
345,_346,John Jackson
346,_347,Fernand Leger
347,_348,George Bellows
348,_349,Vase with Fifteen Sunflowers
349,_350,Amedeo Modigliani
350,_351,Vase with Twelve Sunflowers 
351,_352,Dumitru Ghiatza
352,_353,Charles-Francois Daubigny
353,_354,Jacob Jordaens
354,_355,Henri Fantin-Latour
355,_356,Serge Poliakoff
356,_357,Konstantin Makovsky
357,_358,Raphael
358,_359,Entree Dans Les Geoles Allemandes 
359,_360,John Ruskin
360,_361,Max Liebermann
361,_362,Edouard Manet
362,_363,Gosta Adrian-Nilsson
363,_364,Adolphe Joseph Thomas Monticelli
364,_365,Jacek Malczewski
365,_366,Robert Henri
366,_367,Konstantin Yuon
367,_368,Emperor Huizong
368,_369,Ilka Gedo
369,_370,Georges Mathieu
370,_371,Abidin Dino
371,_372,Jacob van Strij
372,_373,Domenico Ghirlandaio
373,_374,Anita Malfatti
374,_375,The Annunciation
375,_376,Bernard Buffet
376,_377,Jury Annenkov
377,_378,Mary Cassatt
378,_379,Natori Shunsen
379,_380,Cornelis Springer
380,_381,Edward Hopper
381,_382,David Kakabadze
382,_383,Mario Ballocco
383,_384,St. James the Great and St. Clare
384,_385,Sam Francis
385,_386,Cornelis Vreedenburgh
386,_387,Mikalojus Ciurlionis
387,_388,Wifredo Lam
388,_389,Bartolome Esteban Murillo
389,_390,Paolo Scheggi
390,_391,the Death of Raymond Lulle
391,_392,Paul Delvaux
392,_393,Ike no Taiga
393,_394,Rogier van der Weyden
394,_395,Abraham Manievich
395,_396,Boris Kustodiev
396,_397,Marcelino Vespeira
397,_398,John William Godward
398,_399,Cy Twombly
399,_400,Pierre Puvis de Chavannes
400,_401,Adriaen Brouwer
401,_402,Kuzma Petrov-Vodkin
402,_403,John Henry Twachtman
403,_404,Martin Johnson Heade
404,_405,Kees van Dongen
405,_406,N.C. Wyeth
406,_407,Aleksey Antropov
407,_408,Egon Schiele
408,_409,Nicholas Roerich
409,_410,Anton Melbye
410,_411,Southwest Texas
411,_412,John Trumbull
412,_413,Jean Paul Lemieux
413,_414,Vase with Fourteen Sunflowers
414,_415,Duccio
415,_416,Alexandre Cabanel
416,_417,Bice Lazzari
417,_418,Octav Angheluta
418,_419,Ilya Repin
419,_420,Johannes Sveinsson Kjarval
420,_421,Albert Joseph Moore
421,_422,Jean-Paul Riopelle
422,_423,Aubrey Beardsley
423,_424,Utagawa Toyokuni
424,_425,Jester
425,_426,Albert Gleizes
426,_427,Otto Dix
427,_428,Roger de La Fresnaye
428,_429,Franz Kline
429,_430,Gino Severini
430,_431,Mario Sironi
431,_432,Limbourg brothers
432,_433,Andrea del Verrocchio
433,_434,Gentile da Fabriano
434,_435,Correggio
435,_436,James McNeill Whistler
436,_437,Niccolo Cannicci
437,_438,Frida Kahlo
438,_439,Paul Klee
439,_440,Melchior Broederlam
440,_441,Juan Carreno de Miranda
441,_442,Edouard Cortes
442,_443,John Lavery
443,_444,Hendrick Terbrugghen
444,_445,Bow
445,_446,Jules Breton
446,_447,Elaine de Kooning
447,_448,"a rich guest"""
448,_449,Colombina
449,_450,Andre Masson
450,_451,Sandor Bortnyik
451,_452,Frits Thaulow
452,_453,Martiros Saryan
453,_454,Archibald Thorburn
454,_455,Thomas Couture
455,_456,Jan Siberechts
456,_457,Night
457,_458,Jean Hey
458,_459,Pyotr Konchalovsky
459,_460,Giorgione
460,_461,Morning
461,_462,Frederic Bazille
462,_463,Luca Signorelli
463,_464,Richard Gerstl
464,_465,Carl Spitzweg
465,_466,Francisco Oller
466,_467,Tamara de Lempicka
467,_468,Nikolay Bogdanov-Belsky
468,_469,Oleksandr Bogomazov
469,_470,Pierre Bonnard
470,_471,Jan Toorop
471,_472,Joachim Patinir
472,_473,M.C. Escher
473,_474,"Alexander of Bergamo, Barbara, Roch, Dominic"
474,_475,Antonio Donghi
475,_476,Carlo Carra
476,_477,Maurice Prendergast
477,_478,Theodor Aman
478,_479,George Luks
479,_480,Douglas Huebler
480,_481,Grigoriy Myasoyedov
481,_482,Salvador Dali
482,_483,Pablo Picasso
483,_484,Jean David
484,_485,Trollet på Karl Johan
485,_486,The Epic of American Civilization
486,_487,Lucio Fontana
487,_488,Richard Parkes Bonington
488,_489,Maurice Quentin de La Tour
489,_490,Marsden Hartley
490,_491,Cima da Conegliano
491,_492,Federico Zandomeneghi
492,_493,Girl with fishing net
493,_494,Nicolas Tournier
494,_495,Canaletto
495,_496,Balthus
496,_497,Thomas Sully
497,_498,M. H. Maxy
498,_499,Dorothea Tanning
499,_500,Vasily Sadovnikov
500,_501,Paul Ackerman
501,_502,Henri Matisse
502,_503,Theodore Rousseau
503,_504,Fra Angelico
504,_505,Josef Sima
505,_506,John French Sloan
506,_507,Andres de Santa Maria
507,_508,Bookplate with princess and frog
508,_509,Lothar Charoux
509,_510,en longeur 
510,_511,Edmund Charles Tarbell
511,_512,Armand Guillaumin
512,_513,Vladimir Makovsky
513,_514,Ilya Mashkov
514,_515,Charles Willson Peale
515,_516,George Washington Lambert
516,_517,Vasily Polenov
517,_518,Vajda Lajos
518,_519,Thomas Kinkade
519,_520,Vasily Perov
520,_521,Gwen John
521,_522,Pietro da Cortona
522,_523,Joachim Wtewael
523,_524,Forrest Bess
524,_525,Rodolfo Arico
525,_526,Richard Diebenkorn
526,_527,Gustave Singier
527,_528,charley toorop
528,_529,Frantisek Kupka
529,_530,Henri-Edmond Cross
530,_531,Leon Bakst
531,_532,Tano Festa
532,_533,Rene Magritte
533,_534,Max Pechstein
534,_535,Maxim Vorobiev
535,_536,Miguel Cabrera
536,_537,Moise Kisling
537,_538,Gustave de Smet
538,_539,Luca Giordano
539,_540,The Adoration of the Magi
540,_541,the central panel from St. Hippolytus Triptych
541,_542,Constantin Piliuta
542,_543,Christina Robertson
543,_544,Norman Rockwell
544,_545,Howard Pyle
545,_546,Carl Bloch
546,_547,Emmanuel Zairis
547,_548,Jozsef Rippl-Ronai
548,_549,Giorgio de Chirico
549,_550,Francis Picabia
550,_551,Fire
551,_552,Arman Manookian
552,_553,John Hoppner
553,_554,Luciano Bartolini
554,_555,Felice Casorati
555,_556, Wassily Kandinsky
556,_557,The Birth of Christ
557,_558,Max Beckmann
558,_559,Jehan Georges Vibert
559,_560,Tsuguharu Foujita
560,_561,Alexey  Bogolyubov
561,_562,Ion Alin Gheorghiu
562,_563,Jean Bertholle
563,_564,Toshi Yoshida
564,_565,Manuel Rodriguez de Guzman
565,_566,Ernest Meissonier
566,_567,The Banquet in the Pine Forest
567,_568,Mikhail Nesterov
568,_569,Max Ernst
569,_570,Yves Tanguy
570,_571,Romul Nutiu
571,_572,Henri Martin
572,_573,Alvaro Lapa
573,_574,Georgia O'Keeffe
574,_575,Charles Maurin
575,_576,Victor Vasarely
576,_577,St. Barbara
577,_578,Erte
578,_579,Rupprecht Geiger
579,_580,Rubem Ludolf
580,_581,Christoffer Wilhelm Eckersberg
581,_582,Toyota Hokkei
582,_583,Robert Delaunay
583,_584,Aelbert Cuyp
584,_585,Sofonisba Anguissola
585,_586,Pauline Boty
586,_587,Max Weber
587,_588,Marc Chagall
588,_589,Andrea del Castagno
589,_590,Anthony van Dyck
590,_591,Marcel Duchamp
591,_592,The Frame
592,_593,Dosso Dossi
593,_594,John Collier
594,_595,Sonia Delaunay
595,_596,Hendrick Cornelisz Vroom
596,_597,Arshile Gorky
597,_598,Henry Darger
598,_599,Helene Schjerfbeck
599,_600,Alexandre Jacovleff
600,_601,French Novels and Rose
601,_602,Mykola Yaroshenko
602,_603,Emil Nolde
603,_604,Pieter Claesz
604,_605,Neil Welliver
605,_606,Konstantinos Parthenis
606,_607,Edvard Munch
607,_608,Jacopo Bassano
608,_609,Henryk Siemiradzki
609,_610,Joseph as a medieval carpenter
610,_611,Yves Klein
611,_612,John Ferren
612,_613,Pierre Tal-Coat
613,_614,John Marin
614,_615,Adolph Menzel
615,_616,Jiro Yoshihara
616,_617,Warren Rohrer
617,_618,Paul Gauguin
618,_619,Grandma Moses
619,_620,Xavier Martinez
620,_621,Albert Bierstadt
621,_622,The Chinese Crab
622,_623,Paul Peel
623,_624,Ivan Nikitin
624,_625,Diego Rivera
625,_626,Max Kurzweil
626,_627,Snowstorm
627,_628,Efim Volkov
628,_629,Louisa Matthiasdottir
629,_630,Robert Spencer
630,_631,Volodymyr Orlovsky
631,_632,Louis Soutter
632,_633,James Hamilton
633,_634,Maki Haku
634,_635,Constantin Artachino
635,_636,Hiroyuki Tajima
636,_637,Ito Jakuchu
637,_638,Joseph Beuys
638,_639,Aleksey Savrasov
639,_640,Thomas Hart Benton
640,_641,Morris Louis
641,_642,Tarsila do Amaral
642,_643,Roberto Matta
643,_644,Luis Paret y Alcazar
644,_645,Steve Wheeler
645,_646,Félix Del Marle
646,_647,Nicholas of Verdun
647,_648,Benozzo Gozzoli
648,_649,Oskar Kokoschka
649,_650,Marie Bracquemond
650,_651,David Teniers the Younger
651,_652,Mattia Preti
652,_653,Asano Takeji
653,_654,Louis Wain
654,_655,Alexej von Jawlensky
655,_656,Giuseppe Arcimboldo
656,_657,Scene John the Tufer and the St. Augustine
657,_658,the Central Element)
658,_659,Ion Andreescu
659,_660,William Hamilton
660,_661,William Leighton Leitch
661,_662,Adolf Hitler
662,_663,Paritosh Sen
663,_664,lisa rasmussen
664,_665,Shibata Zeshin
665,_666,Giuseppe Maria Crespi
666,_667,Tang Yin
667,_668,Keisai Eisen
668,_669,Jackson Pollock
669,_670,Zinaida Serebriakova
670,_671,Andre Derain
671,_672,Giacomo Balla
672,_673, Fyodor Solntsev
673,_674,Auguste Toulmouche
674,_675,Antonio Carneiro
675,_676,Hans Hofmann
676,_677,Mario Cesariny
677,_678,Elmer Bischoff
678,_679,Maurice Sendak
679,_680,Musée Carnavalet
680,_681,Reza Abbasi
681,_682,set design 
682,_683,Lev Lagorio
683,_684,Victor Brauner
684,_685,Edwin Dickinson
685,_686,Jimmy Ernst
686,_687,James Ensor
687,_688,Karl Bryullov
688,_689,Boris Grigoriev
689,_690,Philip Guston
690,_691,On Kawara
691,_692,Tsukioka Yoshitoshi
692,_693,Camille Bombois
693,_694,Samuel Palmer
694,_695,Roger Bissière
695,_696,Klavdy Lebedev
696,_697,Koshiro Onchi
697,_698,Jerg Ratgeb
698,_699,Wu Guanzhong
699,_700,The Appearance of a Brothel Geisha of the Koka Era
700,_701,Eyvind Earle
701,_702,Andrei Ryabushkin
702,_703,Hildegard of Bingen
703,_704,Veniamin Kremer
704,_705,Fyodor Rokotov
705,_706,The Appearance of a concubine of the Bunka Era
706,_707,Jaroslav Serpan
707,_708,Victor Servranckx
708,_709,The appearance of a waitress at Fukagawa in the Tempo era
709,_710,Tom Scott
710,_711,"happiness can not see"". Royal chambers"
711,_712,Vase with Red Gladiolas
712,_713,Hasui Kawase
713,_714,Konstantin Dmitriyevich Flavitsky
714,_715,Joseph Stella
715,_716,Jack Bush
716,_717,Jules Joseph Lefebvre
717,_718,Ito Shinsui
718,_719,Yiannis Moralis
719,_720,Louis Valtat
720,_721,Laszlo Moholy-Nagy
721,_722,Antoni Tapies
722,_723,Jeffrey Smart
723,_724,Amadeo de Souza-Cardoso
724,_725,Laurel Burch
725,_726,garrett ames ledbetter
726,_727,Agnes Martin
727,_728,Constantin Daniel Rosenthal
728,_729,Edwin Austin Abbey
729,_730,Aleksandr Deyneka
730,_731,Lasar Segall
731,_732,Poetry
732,_733,Hassel Smith
733,_734,Abraham van Strij
734,_735,Edvard Weie
735,_736,Georges Valmier
736,_737,Lidy Prati
737,_738,Jacopo Bellini
738,_739,Thomas Pollock Anshutz
739,_740,Jean-Baptiste Greuze
740,_741,Antonio Ligabue
741,_742,Ivan Grohar
742,_743,Piero della Francesca
743,_744,Utagawa Toyokuni II
744,_745,Ni Zan
745,_746,Howard Finster
746,_747,Ivan Vladimirov
747,_748,Amrita Sher-Gil
748,_749,Xul Solar
749,_750,Anna Ostroumova-Lebedeva
750,_751,R. B. Kitaj
751,_752,Andre Lanskoy
752,_753,Mario Schifano
753,_754,Xu Beihong
754,_755,Willard Metcalf
755,_756,Edward Mitchell Bannister
756,_757,All Panels 
757,_758,Brion Gysin
758,_759,The Maple
759,_760,John Vassos
760,_761,Theodor Philipsen
761,_762,Leon Ferrari
762,_763,Endre Balint
763,_764,Patrick Caulfield
764,_765,Alfred Manessier
765,_766,Pablo Palazuelo
766,_767,Piero Manzoni
767,_768,William Turnbull
768,_769,Gene Davis
769,_770,Ben Nicholson
770,_771,Georges Papazoff
771,_772,Christian Schad
772,_773,John Hoyland
773,_774,Kathe Kollwitz
774,_775,Constantin Guys
775,_776,Georges Hugnet
776,_777,Peder Severin Kroyer
777,_778,Olga Rozanova
778,_779,John Austen
779,_780,Narcisse-Virgilio Diaz
780,_781,Lolo Soldevilla
781,_782,Claudio Bravo
782,_783,Juan Carlos Castagnino
783,_784,Bob Law
784,_785,Konstantin Korovin
785,_786,Jean-Baptiste Oudry
786,_787,Lucian Freud
787,_788,Introduction (Humphrey Searle)
788,_789,Thomas Girtin
789,_790,Wyndham Lewis
790,_791,David Cox
791,_792,Lynd Ward
792,_793,Thomas Theodor Heine
793,_794,La ceiba de Ponce 
794,_795,Alexander Pope
795,_796,Alfred Wallis
796,_797,Renato Guttuso
797,_798,Carlos Merida
798,_799,Tu t'en iras les pieds devant 
799,_800,L'Etoile Rouge
800,_801,Evelyne Axell
801,_802,August Natterer
802,_803,Jean Arp
803,_804,Nikola Tanev
804,_805,Heinrich Campendonk
805,_806,Horia Damian
806,_807,John Steuart Curry
807,_808,Yosa Buson
808,_809,Vela Zanetti
809,_810,Unichi Hiratsuka
810,_811,Robert G. Harris
811,_812,Stefan Luchian
812,_813,Agnes Lawrence Pelton
813,_814,"happiness can not see"".In a rich peasant's hut"
814,_815,Franz Marc
815,_816,Alice in Wonderland
816,_817,Horace Trenerry
817,_818,Richards Ruben
818,_819,Fyodor Vasilyev
819,_820,Tomioka Tessai
820,_821,Albert Anker
821,_822,The Cope of Saint John
822,_823,Johannes Itten
823,_824,fight 
824,_825,Lan Ying
825,_826,Ivan Generalic
826,_827,Richard Dadd
827,_828,The Cope of the Virgin Mary
828,_829,Le Corbusier
829,_830,Heorhiy Narbut
830,_831,Raden Saleh
831,_832,Robert Brackman
832,_833,Guy Rose
833,_834,Asger Jorn
834,_835,Out Back of Mary`s II
835,_836,Olga Albizu
836,_837,Julio Resende
837,_838,(The Tryst)
838,_839,Boats on the Dogana
839,_840,Jose Ferraz de Almeida Junior
840,_841,Henry Fuseli
841,_842,Hans Richter
842,_843,Yamamura Toyonari
843,_844,Beatrix Potter
844,_845,Theodoor van Thulden
845,_846,Willem Kalf
846,_847,Avigdor Arikha
847,_848,Roberto Aizenberg
848,_849,Piet Mondrian
849,_850,David Roberts
850,_851,The mortally wounded Taira Tomomori with ahuge anchor
851,_852,Leonardo Alenza
852,_853,Ad Reinhardt
853,_854,Columbano Bordalo Pinheiro
854,_855,Jeremy Moon
855,_856,Maxfield Parrish
856,_857,Rosa Bonheur
857,_858,Qiu Ying
858,_859,Karel Appel
859,_860,John Lewis Krimmel
860,_861,John McLaughlin
861,_862,Thomas Downing
862,_863,Michel Seuphor
863,_864,David Bomberg
864,_865,Lavinia Fontana
865,_866,Aleksandra Ekster
866,_867,Gregoire Boonzaier
867,_868,Christo Coetzee
868,_869,Corneliu Michailescu
869,_870,Man Ray
870,_871,The cat witch
871,_872,Giorgio Morandi
872,_873,Romare Bearden
873,_874,Dorothy Lathrop
874,_875,Martin Kippenberger
875,_876,Sidney Nolan
876,_877,Bernardo Marques
877,_878,Patrick Heron
878,_879,Mustafa Rakim
879,_880,friend of travelers
880,_881,Marcel Marien
881,_882,John Wilson Carmichael
882,_883,Seraphine Louis
883,_884,Niki de Sainte Phalle
884,_885,Piero Dorazio
885,_886,Briton Riviere
886,_887,James Charles
887,_888,Maria Sibylla Merian
888,_889,William H. Johnson
889,_890,Karl Knaths
890,_891,Andre Dunoyer de Segonzac
891,_892,A.Y. Jackson
892,_893,Clouds Rising from the Green Sea
893,_894,Olexandr Archipenko
894,_895,Allan D'Arcangelo
895,_896,Joaquín Sorolla
896,_897,Emmerico Nunes
897,_898, Periklis Vyzantios 
898,_899,Simon Hantai
899,_900,Leon Dabo
900,_901,Albert Huie
901,_902,Karl Edvard Diriks
902,_903,Joseph-Marie Vien
903,_904,Victor Pasmore
904,_905,Anne Vallayer-Coster
905,_906,Jose Campeche
906,_907,Andy Warhol
907,_908,Terry Frost
908,_909,Clear Weather
909,_910,Artemisia Gentileschi
910,_911,Winston Churchill
911,_912,Georges Lacombe 
912,_913,Paul Jacoulet
913,_914,Fede Galizia
914,_915,Dado
915,_916,Richard Oelze
916,_917,Germaine Richier
917,_918,Maria Primachenko
918,_919,Edward Lear
919,_920,Maurice Esteve
920,_921,Norman Bluhm
921,_922,Charles Wilbert White
922,_923,Nicolae Darascu
923,_924,Hakuin Ekaku
924,_925,Julio Gonzalez
925,_926,Charles Turner
926,_927,Gerard Terborch
927,_928,Dresden
928,_929,Carl Buchheister
929,_930,Leon Underwood
930,_931,Nicolaes Maes
931,_932,Hercules Seghers
932,_933,Mira Schendel
933,_934,Cross for You
934,_935,Albert Pinkham Ryder
935,_936,Angelo de Sousa
936,_937,Wilhelm Trubner
937,_938,Henry Ossawa Tanner
938,_939,Alexey Zubov
939,_940,Anton Azbe
940,_941,Eileen Agar
941,_942,Friedrich Vordemberge-Gildewart
942,_943,Josefa de Obidos
943,_944,Henryk Berlewi
944,_945,John Simpson 
945,_946,Vilhelm Lundstrom
946,_947,Horace Vernet
947,_948,- Franz Kline
948,_949,Helen Frankenthaler
949,_950,Patrick Henry Bruce
950,_951,Thomas Jones
951,_952,Jose de Almada-Negreiros
952,_953,Vilho Lampi
953,_954,Edward Wadsworth
954,_955,Li Yuan-chia
955,_956,Bradley Walker Tomlin
956,_957,Dadamaino
957,_958,Robert Bateman
958,_959,George Catlin
959,_960,Charles Sheeler
960,_961,Fernando Calhau
961,_962,Sigmar Polke
962,_963,Chen Hongshou
963,_964,Jose Maria Velasco Gomez
964,_965,Frank Johnston
965,_966,Al Held
966,_967,Jacob Lawrence
967,_968,Ahmed Karahisari
968,_969,Guercino
969,_970,Carl-Ludwig Johann Christineck
970,_971,Kazuo Shiraga
971,_972,Sesshu Toyo
972,_973,Sultan Muhammad
973,_974,Frank Dicksee
974,_975,Hilma af Klint
975,_976,John Martin
976,_977,Morris Graves
977,_978,Exciting perfumes by Mem
978,_979,Conrad Marca-Relli
979,_980,Guido Molinari
980,_981,Thomas Moran
981,_982,Sebastien Bourdon
982,_983,Jean Helion
983,_984,Barbara Longhi
984,_985,Mihaly Munkacsy
985,_986,Conroy Maddox
986,_987,Richard Pousette-Dart
987,_988,Xu Wei
988,_989,"Bottles, Jugs, Pitcher"
989,_990,Jane Frank
990,_991,Jules Lefranc
991,_992,Fried Eggs Presented in a Spoon
992,_993,Eucalyptus
993,_994,Willem van Genk
994,_995,Nursing Child
995,_996,Eduardo Paolozzi
996,_997,O. Louis Guglielmi
997,_998,Jules Perahim
998,_999,Henri Michaux
999,_1000,Janos Mattis-Teutsch
1000,_1001,Frederic Matys Thursz
1001,_1002,Wu Daozi
1002,_1003,Leopold Survage
1003,_1004,160 X 148
1004,_1005,John Frederick Kensett
1005,_1006,Thomas Hill
1006,_1007,Arkhip Kuindzhi
1007,_1008,Giorgio Cavallon
1008,_1009,Bram van Velde
1009,_1010,Alexandre Istrati
1010,_1011,Isidore Isou
1011,_1012,Mir Ali Tabrizi
1012,_1013,Wols
1013,_1014,Sa Nogueira
1014,_1015,Two Sisters Walk on the Grass
1015,_1016,John Bratby
1016,_1017,Leon Polk Smith
1017,_1018,Francisco Pacheco
1018,_1019,Giacomo Quarenghi
1019,_1020,Sergei Parajanov
1020,_1021,Yasuo Kuniyoshi
1021,_1022,Albert Rafols-Casamada
1022,_1023,Balcomb Greene
1023,_1024,Alma Woodsey Thomas
1024,_1025,Alice Baber
1025,_1026,Corneliu Baba
1026,_1027,Edward Hicks
1027,_1028,Helen Dahm
1028,_1029,Hanga Vol.5
1029,_1030,Yodo Vol.2
1030,_1031,Georges Lemmen
1031,_1032,Hedda Sterne
1032,_1033,Hans Bellmer
1033,_1034,Arthur Dove
1034,_1035,Giovanni Fattori
1035,_1036,Nikolaos Gyzis
1036,_1037,Paul Feeley
1037,_1038,Eugene Carriere
1038,_1039,Wilhelm Leibl
1039,_1040,Study in Tunis
1040,_1041,Theodor Pallady
1041,_1042,Arman
1042,_1043,Juan de Valdes Leal
1043,_1044,Maurice Denis
1044,_1045,Chair and Flowers
1045,_1046,Francois Arnal
1046,_1047,Osias Beert
1047,_1048,rot
1048,_1049,Galliano Mazzon
1049,_1050,Galileo Chini
1050,_1051,Portrait Bust
1051,_1052,Betty Parsons
1052,_1053,Takamatsu Jiro
1053,_1054,Jean-Paul Jerome
1054,_1055,Marcel Janco
1055,_1056,blau
1056,_1057,Fedir Krychevsky
1057,_1058,Robert Goodnough
1058,_1059,Angel Planells
1059,_1060,George Hemming Mason
1060,_1061,William Morris
1061,_1062,Iosif Iser
1062,_1063,Samuel Peploe
1063,_1064,55 East Division Street
1064,_1065,T. C. Steele
1065,_1066,Emile Claus
1066,_1067,Lajos Tihanyi
1067,_1068,William Bradford
1068,_1069,Kiyokata Kaburagi
1069,_1070,Ivan Albright
1070,_1071,Fu Baoshi
1071,_1072,Alexander Calder
1072,_1073,Charles Demuth
1073,_1074,Morton Shamberg
1074,_1075,David Davies
1075,_1076,The Couture
1076,_1077,Lee Krasner
1077,_1078,Osman Hamdi
1078,_1079,Vilhelm Hammershoi
1079,_1080,Lilla Cabot Perry
1080,_1081,Blue Sky and the Trees
1081,_1082,Frontpiece
1082,_1083,Guilherme de Santa-Rita
1083,_1084,Laszlo Mednyanszky
1084,_1085,Alphonse Allais
1085,_1086,Adrien Dax
1086,_1087,Spyros Papaloukas
1087,_1088,Rolf Amstrong
1088,_1089,Kazuo Nakamura
1089,_1090,Giovanni Antonio Boltraffio
1090,_1091,Melchior d'Hondecoeter
1091,_1092,Everyday
1092,_1093,Christian Wilhelm Allers
1093,_1094,Arthur Segal
1094,_1095,Francesco Guardi
1095,_1096,Philip Wilson Steer
1096,_1097,Marie-Guillemine Benoist
1097,_1098,I venteverelset
1098,_1099,han van meegeren
1099,_1100,Meiji
1100,_1101,January 1958
1101,_1102,Fuku Zukushi
1102,_1103,Charles M. Russell
1103,_1104,Jacques Busse
1104,_1105,George Caleb Bingham
1105,_1106,Candido Portinari
1106,_1107,Joseph Ducreux
1107,_1108,Setsu Getsu Ka
1108,_1109,Constantin Stahi
1109,_1110,Jules Dupre
1110,_1111,Albert Marquet
1111,_1112,Maxime Maufra
1112,_1113,Richard Wilson
1113,_1114,Albert Dubois-Pillet
1114,_1115,Rosso Fiorentino
1115,_1116,Ida Görz
1116,_1117,Jose Maria Velasco
1117,_1118,Stare gniazdo
1118,_1119,Nakagawa Soen
1119,_1120,Maurice Utrillo
1120,_1121,A Back Yard Reminiscence of Brooklyn
1121,_1122,Gabriel von Max
1122,_1123,Sydney Laurence
1123,_1124,Lovis Corinth
1124,_1125,Natalia Goncharova
1125,_1126,The appearance of a-Fukagawa-Nakamichi-Geisha-of-the-Tempo-era
1126,_1127,Hubert Robert
1127,_1128,Lin Fengmian
1128,_1129,Santiago Rusinol
1129,_1130,Robert Harris
1130,_1131,Jacob Isaakszoon van Ruisdael
1131,_1132,Pieter Wenning
1132,_1133,Othon Friesz
1133,_1134,Arturo Michelena
1134,_1135,Three Men
1135,_1136,Tom Roberts
1136,_1137,the oldest child takes care of brothers and sisters in the absence of parents 
1137,_1138,"Lake George, N.Y."
1138,_1139,Victor Hugo
1139,_1140,Berlin
1140,_1141,New Year's Greeting Card
1141,_1142,Uemura Shoen
1142,_1143,Arthur Streeton
1143,_1144,Charles Angrand
1144,_1145,Paysage a Auvers
1145,_1146,Eliseu Visconti
1146,_1147,Pisanello
1147,_1148,Paul Wunderlich
1148,_1149,Fair Game
1149,_1150,Jules Pascin
1150,_1151,Hans von Aachen
1151,_1152,Karoly Ferenczy
1152,_1153,Rosalba Carriera
1153,_1154,George Henry
1154,_1155,Meijer de Haan
1155,_1156,Anton Mauve
1156,_1157,Zao Wou-Ki
1157,_1158,Carel Willink
1158,_1159,David Johnson
1159,_1160,Paul Bril
1160,_1161,John Crome
1161,_1162,Dorfstrasse
1162,_1163,Effect of Snow
1163,_1164,William Orpen
1164,_1165,Erich Buchholz
1165,_1166,Benjamin Brown
1166,_1167,Hanga Vol.11
1167,_1168,No. I
1168,_1169,Antonio Dacosta
1169,_1170,Charlie Turner 
1170,_1171,Fruit
1171,_1172,François Barraud
1172,_1173,Anne-Louis Girodet
1173,_1174,Simone Martini
1174,_1175,Edouard Debat-Ponsan
1175,_1176,Blue Larkspur
1176,_1177,Wilhelm Kotarbinski
1177,_1178,Le Pho
1178,_1179,Giovanni Battista Torriglia
1179,_1180,Nemours
1180,_1181,William James Glackens
1181,_1182,Mily Possoz
1182,_1183,Philipp Otto Runge
1183,_1184,"Appledore, Isles of Shoals"
1184,_1185,Michel Simonidy
1185,_1186,Central Park)
1186,_1187,Pieter Aertsen
1187,_1188,Paul Kane
1188,_1189,Lesser Ury
1189,_1190,Pedro Coronel
1190,_1191,Emily Carr
1191,_1192,Quiberon
1192,_1193,William Williams
1193,_1194,Russian prisoners starves from hunger
1194,_1195,Anne Ryan
1195,_1196,Dua
1196,_1197,Time Bomb
1197,_1198,Pierre Daura
1198,_1199,Where to Unwind the Spool
1199,_1200,"Girls, Death and Devil"
1200,_1201,Brass and Glass
1201,_1202,the Yield of the Waters)
1202,_1203,Paul Thek
1203,_1204,Istvan Molnar
1204,_1205,Rik Wouters
1205,_1206,Rufino Tamayo
1206,_1207,William Simpson
1207,_1208,Gustave Boulanger
1208,_1209,Parc Sans Souci at Potsdam
1209,_1210,Antonio Mancini
1210,_1211,Christen Kobke
1211,_1212,Blaue Berge
1212,_1213,Fernand Khnopff
1213,_1214,Kateryna Bilokur
1214,_1215,The Studio Corner
1215,_1216,Red with Yellow
1216,_1217,'The Tent'
1217,_1218,A Memory
1218,_1219,Sandu Darie
1219,_1220,Lucian Grigorescu
1220,_1221,Rote Dächer
1221,_1222,Richard Friese
1222,_1223,Vangel Naumovski
1223,_1224,Ralph Earl
1224,_1225,Aleksander Gierymski
1225,_1226,John Cage
1226,_1227,Morning at Canoe Place
1227,_1228,Charles Robinson
1228,_1229,Nicolae Tonitza
1229,_1230,Eduardo Nery
1230,_1231,Ipolit Strambu
1231,_1232,Armando Reveron
1232,_1233,Fábula
1233,_1234,a By-Path
1234,_1235,Frederic Remington
1235,_1236,Jetty 
1236,_1237,Bartolome Bermejo
1237,_1238,A Shinnecock Vale
1238,_1239,Young Greeks at the Mosque
1239,_1240,Menez
1240,_1241,"Corby Viaduct, the Newcastle and Carlisle Railway  "
1241,_1242,Hafiz Osman
1242,_1243,Ma Yuan
1243,_1244,Wreckers
1244,_1245,still life)
1245,_1246,Jock Macdonald
1246,_1247,Vilhelms Purvitis
1247,_1248,Sheikh Hamdullah
1248,_1249,Charles Jacque
1249,_1250,Tivadar Kosztka Csontvary
1250,_1251,Morgat
1251,_1252,a Hamlet
1252,_1253,Daniele da Volterra
1253,_1254,Antonio Palolo
1254,_1255,Eva Gonzales
1255,_1256,Jean Alexandru Steriadi
1256,_1257,Wang Wei
1257,_1258,Evening 
1258,_1259,Friedrich Schroder-Sonnenstern
1259,_1260,John James Audubon
1260,_1261,Basuki Abdullah
1261,_1262,Mountains
1262,_1263,Ferdynand Ruszczyc
1263,_1264,Comparison of Flowers
1264,_1265,Luigi Guardigli
1265,_1266,Vasile Popescu
1266,_1267,Vieira Portuense
1267,_1268,Auguste Edouart
1268,_1269,The Cigarette 
1269,_1270,Auguste Rodin
1270,_1271,Richard Lindner
1271,_1272,William Michael Harnett
1272,_1273,Julian Ashton
1273,_1274,Jose Malhoa
1274,_1275,Henryk Stazewski
1275,_1276,David Park
1276,_1277,View of the Navy Arsenal
1277,_1278,Hugo Simberg
1278,_1279,Ken Danby
1279,_1280,Leo Valledor
1280,_1281,Harry Clarke
1281,_1282,Confession
1282,_1283,John Russell
1283,_1284,Aldemir Martins
1284,_1285,Stanley Pinker
1285,_1286,Maurice de Vlaminck
1286,_1287,Cornelis Norbertus Gysbrechts
1287,_1288,Cuno Amiet
1288,_1289,Walasse Ting
1289,_1290,Jetty
1290,_1291,The Damned Consigned to Hell; the left part of the composition
1291,_1292,San Fraicisco
1292,_1293,Baptism
1293,_1294,Remedios Varo
1294,_1295,Toyen
1295,_1296,The Yellow River Breaches its Course
1296,_1297,Guo Xi
1297,_1298,The Waving Surface of the Autumn Flood
1298,_1299,brzeg morza
1299,_1300,Piero di Cosimo
1300,_1301,Kamal ud-Din Behzad
1301,_1302,Set Design (Figures Cut in Three)
1302,_1303,Martin Disler
1303,_1304,The Dream
1304,_1305,Oskar Schlemmer
1305,_1306,Lajos Gulacsy 
1306,_1307,"The Builders, New York"
1307,_1308,Keido Fukushima
1308,_1309,Vladimir Tatlin
1309,_1310,Nandalal Bose
1310,_1311,Felix Labisse
1311,_1312,Lorser Feitelson
1312,_1313,An Exterior
1313,_1314,Ten Thousand Riplets on the Yangzi
1314,_1315,Bada Shanren
1315,_1316,Morning Effect
1316,_1317,Jankel Adler
1317,_1318,Sengai
1318,_1319,Olivier Debre
1319,_1320,Perle Fine
1320,_1321,Howard Mehring
1321,_1322,Hans Hinterreiter
1322,_1323,Giuseppe Santomaso
1323,_1324,Camille Graeser
1324,_1325,Corneille
1325,_1326,Gustavo Foppiani
1326,_1327,Joan Mitchell
1327,_1328,Jean Dupas
1328,_1329,Alfred Kubin
1329,_1330,Greenhouse
1330,_1331,Alberto Burri
1331,_1332,Jose Guerrero
1332,_1333,les sorcières dansant autour
1333,_1334,Ding Yanyong
1334,_1335,Sabin Balasa
1335,_1336,Verena Loewensberg
1336,_1337,paesaggio 
1337,_1338,from the Winged altar in St. Peter in Leuven
1338,_1339,Gunter Fruhtrunk
1339,_1340,Yamamoto Gempo
1340,_1341,The appearance of a housewife in the Bunsei era
1341,_1342,Study of light
1342,_1343,George Mavroides
1343,_1344,Edward Avedisian
1344,_1345,Frederick McCubbin
1345,_1346,Fields by the Sea (Le Pouldu)
1346,_1347,Henri Le Fauconnier
1347,_1348,Time Flies
1348,_1349,The Boyhood of George Washington Gray 
1349,_1350,Chaim Soutine
1350,_1351,Istvan Ilosvai Varga
1351,_1352,Fritz Glarner
1352,_1353,The appearance of a ‘castle-toppler’ of the Tempo era
1353,_1354,Marietta Robusti
1354,_1355,António de Carvalho da Silva Porto
1355,_1356,Octav Bancila
1356,_1357,Horia Bernea
1357,_1358,Francis Bott
1358,_1359,Figure (unfinished)
1359,_1360,Ulfert Wilke
1360,_1361,Konstantin Bogaevsky
1361,_1362,The appearance of a courtesan during the Kaei era
1362,_1363,Cherry blossom viewing
1363,_1364,Mario Eloy
1364,_1365,a Study on the Bronx at Mt. Vernon 
1365,_1366,Gloucester
1366,_1367,Beauty
1367,_1368,Paul Guiragossian
1368,_1369,The appearance of a Kyoto geisha of the Kansei era
1369,_1370,Raja Ravi Varma
1370,_1371,Tia Peltz
1371,_1372,Francis Gruber
1372,_1373,Benvenuto Tisi
1373,_1374,Princess Fahrelnissa Zeid
1374,_1375,George Stefanescu-Ramnic 
1375,_1376,Alexandre Benois
1376,_1377,Pinturicchio
1377,_1378,Sever Burada
1378,_1379,Ion Pacea
1379,_1380,Pierre Emmanuel Damoye
1380,_1381,Yosemite Valley
1381,_1382,the Fallen Jockey
1382,_1383,Gilbert Stuart
1383,_1384,"Revista Portugueza"", nº 162, Ano IV de 23 de Agosto"
1384,_1385,Departure of French Prisoners
1385,_1386,Isles of Shoals
1386,_1387,Stefan Popescu
1387,_1388,Enrico Prampolini
1388,_1389,Three Women
1389,_1390,Vanessa Bell
1390,_1391,Sts Eligius and Catherine
1391,_1392,Rudolf Schweitzer-Cumpana
1392,_1393,Henri Catargi
1393,_1394,Villiers-le-Bel
1394,_1395,Canal
1395,_1396,Giulia Lama
1396,_1397,Sts Amand and Walpurgis
1397,_1398,Portrait of Mrs. Searle)
1398,_1399,July 1959
1399,_1400,The Appearance of a Kept Woman of the Kaei Era
1400,_1401,Abdullah Suriosubroto
1401,_1402,Sergey Solomko
1402,_1403,Stefan Dimitrescu
1403,_1404,Micaela Eleutheriade
1404,_1405,Ion Theodorescu-Sion
1405,_1406, left wing of the Bourbon Altarpiece
1406,_1407,right wing of The Bourbon Altarpiece
1407,_1408,Autumn
1408,_1409,Jean Hugo
1409,_1410,Lake McDonald 
1410,_1411,Winifred Knights
1411,_1412,Antonio Sanfilippo
1412,_1413,the Old Fish Market
1413,_1414,William Baziotes
1414,_1415,Storm Sea 
1415,_1416,Paul Paun
1416,_1417,The Deep Sea
1417,_1418,Frederick Hammersley
1418,_1419,Constantin Blendea
1419,_1420,Nicolae Vermont
1420,_1421,Saul Steinberg
1421,_1422,costume for Ida Rubinstein as Helene
1422,_1423,Manabu Mabe
1423,_1424,Lucia Demetriade Balacescu
1424,_1425,LeRoy Neiman
1425,_1426,∞ / détail 511130-512739
1426,_1427,Ivan Serpa
1427,_1428,Hishida Shunso
1428,_1429,Samuel Mutzner
1429,_1430,Study of a Nude
1430,_1431,Nutzi Acontz
1431,_1432,draft
1432,_1433,Lifeboat
1433,_1434,Vasile Dobrian
1434,_1435,Dan Christensen
1435,_1436,Long Island
1436,_1437,Charles Tunnicliffe
1437,_1438,Gandy Brodie
1438,_1439,Marianne North
1439,_1440,Ottone Rosai
1440,_1441,Morgan Russell
1441,_1442,Francisc Sirato
1442,_1443,Dans i maanglans
1443,_1444,Emil Carlsen
1444,_1445,The Butcher's conter
1445,_1446,George Lambert
1446,_1447,George Romney
1447,_1448,Julius Bissier
1448,_1449,Leonora Carrington
1449,_1450,Concarneau
1450,_1451,Silver and Opal
1451,_1452,S. Sebastien 3
1452,_1453,Patrick Procktor
1453,_1454,Antonietta Raphael
1454,_1455,Joaquin Manuel Fernandez Cruzado
1455,_1456,Henry Herbert La Thangue
1456,_1457,Wladyslaw Strzeminski
1457,_1458,Johannes Jan Schoonhoven
1458,_1459,Yiannis Tsaroychis
1459,_1460,Sunrise 
1460,_1461,A Thousand Roots Did Die With Thee
1461,_1462,Ion Tuculescu
1462,_1463,Albin Brunovsky
1463,_1464,Jane Wilson
1464,_1465,Thomas Lawrence
1465,_1466,Laura Knight
1466,_1467,Paul Delaroche
1467,_1468,William Scott
1468,_1469,Giverny (also known as Railway Embankment
1469,_1470,Antoine Blanchard
1470,_1471,Goldstein Grigoriy
1471,_1472,Lawren Harris
1472,_1473, View of Campo della Carita looking towards the Dome of the Salute
1473,_1474,Stuart Davis
1474,_1475,a Sketch
1475,_1476,Theodule Ribot
1476,_1477,Und Die Kraft Und Die Herrlichkeit
1477,_1478,Ivan Milev
1478,_1479,Wassily Kandinsky
1479,_1480,Messenger of Shambhala
1480,_1481,Seviliana (also known as Dancer with Castanet) 
1481,_1482,Charlotte Posenenske
1482,_1483,Communion
1483,_1484,Emilio Scanavino
1484,_1485,Ligia Macovei
1485,_1486,Esteban Vicente
1486,_1487,Red Fox Skin
1487,_1488,Jean Dubuffet
1488,_1489,Gherasim Luca
1489,_1490,Leon Berkowitz
1490,_1491,Jean Fautrier
1491,_1492,Fuzoku Sanjuniso
1492,_1493,Ordination
1493,_1494,andrea loney
1494,_1495,Extreme Unction
1495,_1496,Josef Albers
1496,_1497,Charles Lapicque
1497,_1498,Jacques Hérold
1498,_1499,Jean Degottex
1499,_1500,Walter Sickert
1500,_1501,Maria Helena Vieira da Silva
1501,_1502,The appearance of a courtesan of the Meiji era
1502,_1503,Matrimony
1503,_1504,Two Nazi Soldiers Mistreating Jews 1942
1504,_1505,Hollyhocks
1505,_1506,Dancer on Pointe
1506,_1507,Fernand Leduc
1507,_1508,Johann Anton de Peters
1508,_1509,Rubens Santoro
1509,_1510,George Demetrescu Mirea
1510,_1511,Ioannis Altamouras
1511,_1512,Bertalan Szekely
1512,_1513,Johann Koler
1513,_1514,Enrico Donati
1514,_1515,Necmeddin Okyay
1515,_1516,Jacques Villon
1516,_1517,Petre Abrudan
1517,_1518,John Miller
1518,_1519,Albert Bloch
1519,_1520,Antonio Areal
1520,_1521,Constantine Maleas
1521,_1522,Maurycy Gottlieb
1522,_1523,The Singer Fate Fashioned to Her Liking
1523,_1524,gelber Mund
1524,_1525,Charles Hermans
1525,_1526,Mario Nuzzi
1526,_1527,Maxime Lalanne
1527,_1528,Bui Xuan Phai
1528,_1529,Dolfi Trost
1529,_1530,Thomas Hardy
1530,_1531,Death in the Desert
1531,_1532,Suzanne Duchamp
1532,_1533,Ogata Gekko
1533,_1534,Jose Pancetti
1534,_1535,Kaoru Kawano
1535,_1536,Joaquim Rodrigo
1536,_1537,Firmin Baes
1537,_1538,Gerardo Dottori
1538,_1539,Bela Czobel
1539,_1540,William Congdon
1540,_1541,William Collins
1541,_1542,Constant Permeke
1542,_1543,Aladar Korosfoi-Kriesch
1543,_1544,Shen Zhou
1544,_1545,John Riley
1545,_1546,George Inness
1546,_1547,James Webb 
1547,_1548,Bill Traylor
1548,_1549,Adja Yunkers
1549,_1550,Edward R. Taylor
1550,_1551,Arthur Rackham
1551,_1552,Continuum of the Four Buttocks or Five Rhinoceros Horns Making a Virgin or Birth of a Deity
1552,_1553,Nicolas de Staël
1553,_1554,James Ward 
1554,_1555,The Appearance of an Urban Widow of the Kansei era
1555,_1556,Jean-Paul Laurens
1556,_1557,Theodoros Stamos
1557,_1558,Qian Xuan
1558,_1559,Charles Cottet
1559,_1560,Confirmation
1560,_1561,Pavel Svinyin
1561,_1562,Francisco Bayeu y Subias
1562,_1563,Piroska Szanto
1563,_1564,Fritz Winter
1564,_1565,Roger Raveel
1565,_1566,View of the Seine
1566,_1567,Tihamer Gyarmathy
1567,_1568,Entry to the Medina in the Isle of Wight
1568,_1569,Arthur Verona
1569,_1570,Ethel Carrick
1570,_1571,David Scott
1571,_1572,Vilmos Aba-Novak
1572,_1573,mist rising 
1573,_1574,Augustus John
1574,_1575,The Donors
1575,_1576,Anthony Lavelle
1576,_1577,The White Dress
1577,_1578,Marcus Stone
1578,_1579,Christ
1579,_1580,Chepstow Castle
1580,_1581,a teacher of the Keisei era
1581,_1582,a court lady of the Kyowa era
1582,_1583,Hope
1583,_1584,Eduard von Gebhardt
1584,_1585,Goyo Hashiguchi
1585,_1586,Otto Freundlich
1586,_1587,Aristarkh Lentulov
1587,_1588,Raul Lozza
1588,_1589,Karl Benjamin
1589,_1590,Dieppe
1590,_1591,Rene Bertholo
1591,_1592,Bertalan Por
1592,_1593,George Morland
1593,_1594,Gheorghe Tattarescu
1594,_1595,Deiryu
1595,_1596,La Dame de Biarritz
1596,_1597,Louis Vivin
1597,_1598,Polychronis Lembesis
1598,_1599,Dordrecht
1599,_1600,Kiyoshi Saito
1600,_1601,Trollet som grunner på hvor gammelt det er
1601,_1602,Kay Sage
1602,_1603,Walter Battiss
1603,_1604,the Solent
1604,_1605,Carlos Botelho
1605,_1606,Hadis-i Şerîf
1606,_1607,Leonor Fini
1607,_1608,M.F. Husain
1608,_1609,"The Rag Shop, Chelsea"
1609,_1610,Nakahara Nantenbo
1610,_1611,Hanga Vol. 13
1611,_1612,∞ / unknown detail of detail
1612,_1613,Shoot them
1613,_1614,seated person
1614,_1615,central panel
1615,_1616,2. Stanley Hawk
1616,_1617,Friedel Dzubas
1617,_1618,Mykhailo Boichuk
1618,_1619,Victor Meirelles
1619,_1620,Alexander Liberman
1620,_1621,Emiliano Di Cavalcanti
1621,_1622,portrait composition
1622,_1623,Joan Hernandez Pijuan
1623,_1624,Janos Tornyai
1624,_1625,Carlos Orozco Romero
1625,_1626,Josef Herman
1626,_1627,Otto Eckmann
1627,_1628,Thomas Jones Barker
1628,_1629,Flowers
1629,_1630,Beyit
1630,_1631,God sent a gust from the South
1631,_1632,Builder of Temples
1632,_1633,Edo Meisho Bijin Awase
1633,_1634,Joaquin Torres Garcia
1634,_1635,The Blue Wave Biarritz
1635,_1636,Oscar Dominguez
1636,_1637,Santa Maria della Salute
1637,_1638,Jules Cheret
1638,_1639,Tom Thomson
1639,_1640,Henry William Banks Davis
1640,_1641,Fern Coppedge
1641,_1642,George Pemba
1642,_1643,Paul Mathiopoulos
1643,_1644,Rene Portocarrero
1644,_1645,Ralph Rosenborg
1645,_1646,The Pont Molle
1646,_1647,Jay DeFeo
1647,_1648,Istvan Farkas
1648,_1649,The Old Hoover Ranch on the South Fork of the Judith 
1649,_1650,back side of the Berlin Tondo
1650,_1651,Lennart Rodhe
1651,_1652,Georgios Jakobides
1652,_1653,Alekos Kontopoulos 
1653,_1654,"The Sands, Dieppe"
1654,_1655,Nikolaos Lytras
1655,_1656,David Bates
1656,_1657,Johnny Warangkula Tjupurrula
1657,_1658,waiting for the deputation of boyars
1658,_1659,Gilles Aillaud
1659,_1660,a Village gives Bread
1660,_1661,Seraphs
1661,_1662,George Segal
1662,_1663," The Dream of Pilate's wife, Bottom"
1663,_1664,Wyoming Valley 
1664,_1665,8 Janvier soir
1665,_1666,Nikos Nikolaou
1666,_1667,"St. John the Baptist and the Donor, Heinrich Von Wer"
1667,_1668,The Cadaver Synod
1668,_1669,Spring
1669,_1670,Village gives Products
1670,_1671,Preliminary drawing 
1671,_1672,Kanae Yamamoto
1672,_1673,Ludwig Wilding
1673,_1674,Max Walter Svanberg
1674,_1675,sketch of a costume
1675,_1676,"the Creator, the days of creation"
1676,_1677,Bakara Sûresi'nin ilk 4 âyeti
1677,_1678,Istvan Nagy
1678,_1679,Endre Bartos
1679,_1680,Hana Kurabe
1680,_1681,The Blessed Consigned to Paradise)
1681,_1682,Nuvem Verde
1682,_1683,The Damned Consigned to Hell)
1683,_1684,Estrella  
1684,_1685,Fritz Rehm
1685,_1686,Plautilla Nelli
1686,_1687,The City
1687,_1688,Mouth of the Thames
1688,_1689,Alfred Parsons
1689,_1690,Stanley Spencer
1690,_1691,Rafael Zabaleta
1691,_1692,Yves Laloy
1692,_1693,the square where the ancient Temple of Jerusalem was situated
1693,_1694,Gabriele Munter
1694,_1695,Vue prise du Mamelon vert
1695,_1696,Alberto Magnelli
1696,_1697,Marcelle Cahn
1697,_1698,Market Place
1698,_1699,Jef Verheyen
1699,_1700,Arturo Souto
1700,_1701,"Urban Landscape, No. 27"
1701,_1702,Vue de la route du col d'Aspin
1702,_1703,Saint Sebastian
1703,_1704,Kyoto
1704,_1705,The Great Sea
1705,_1706,Jose Gutierrez Solana
1706,_1707,Mario Nigro
1707,_1708,"Piute Indian at Bridal Veil Falls, Yosemite"
1708,_1709,Bela Kadar
1709,_1710,The Hen
1710,_1711,Consider the lilies
1711,_1712, leave Gleb as keeper
1712,_1713,Franklin Carmichael
1713,_1714,Edmund Dulac
1714,_1715,Miklos Barabas
1715,_1716,Nude Figures after Michelangelo
1716,_1717,Capri
1717,_1718,spears of land
1718,_1719,detail
1719,_1720,Summertime
1720,_1721,Horace Pippin
1721,_1722,The scorpion
1722,_1723,Dessins et Gravures
1723,_1724,The Spanish Dancer
1724,_1725,Awaking
1725,_1726,The Eagles
1726,_1727,Jose Escada
1727,_1728,Ohara Koson
1728,_1729,Larry Zox
1729,_1730,The foxes have holes
1730,_1731,Ossip Zadkine
1731,_1732,Julio Galan
1732,_1733,"St Mark's, Venice"
1733,_1734,Cones and Spirals
1734,_1735,Kay Nielsen
1735,_1736,Huang Shen
1736,_1737,M. F. S. 
1737,_1738,Bognor
1738,_1739,Sir James Dunn Seated
1739,_1740,Hadis-i Şerîfler
1740,_1741,A Corner in the Alhambra 
1741,_1742,Bruno Munari
1742,_1743,Driven by the Spirit 
1743,_1744,Portrait of a Seated Person Holding a Letter
1744,_1745,Walter Leblanc
1745,_1746,Driven by the spirit
1746,_1747,Enji Torei
1747,_1748,Sol LeWitt
1748,_1749,"The Bright Sea, Dieppe"
1749,_1750,Vitoria
1750,_1751,Richard Artschwager
1751,_1752,Georges Vantongerloo
1752,_1753,Florine Stettheimer
1753,_1754,Hoca Ali Riza
1754,_1755,Charles Reiffel
1755,_1756,"Cover design for ""Le Surréalisme"""
1756,_1757,Fred Williams
1757,_1758,Milton Avery
1758,_1759,Marcel Broodthaers
1759,_1760,"Centre, Section"
1760,_1761,Cornwall
1761,_1762,from Beauty and the Beast
1762,_1763,Doug Ohlson
1763,_1764,I
1764,_1765,Fatiha Sûresi ve Bakara Sûresi'nin ilk 4 âyeti
1765,_1766,II
1766,_1767,Ion Bitzan
1767,_1768,Family
1768,_1769,Theophrastos Triantafyllidis
1769,_1770,Fairfield Porter
1770,_1771,Oswaldo Guayasamin
1771,_1772,Mordecai Ardon
1772,_1773,Ramirez Villamizar
1773,_1774,Transfer Series
1774,_1775,Portrait of a Woman
1775,_1776,Sacred Lily
1776,_1777,Indienne botocudo
1777,_1778,Howard Arkley
1778,_1779,Roman Cotosman
1779,_1780,Finistere
1780,_1781,1
1781,_1782,Sadamasa Motonaga
1782,_1783,"The Appearance of a Town Geisha, a Bargirl in the Ansei Era"
1783,_1784,Blinky Palermo
1784,_1785,Chang Dai-chien
1785,_1786,The Appearance of a Kyoto Waitress in the Meiji era
1786,_1787,Gregorio Lopes
1787,_1788,71
1788,_1789,Little White House 
1789,_1790,Jacoba van Heemskerck
1790,_1791,Betty Goodwin
1791,_1792,Portrait of Miss Kinsella
1792,_1793,Illustration for 'Memories of Surrealism'
1793,_1794,Baffin Bay
1794,_1795,Vladimir Dimitrov
1795,_1796,Zenkei Shibayama
1796,_1797,Monhegan
1797,_1798,J. E. H. MacDonald
1798,_1799,Theophilus Brown
1799,_1800,Esteban Frances
1800,_1801,Flemish Tavern
1801,_1802,Boris Margo
1802,_1803,Hatip Mehmed Efendi
1803,_1804,Moonlight
1804,_1805,Bristol Quay
1805,_1806,Center panel: The House of Cards
1806,_1807,Mario Zanini
1807,_1808,Muhammed (A.S.)
1808,_1809,Togyu Okumura
1809,_1810,Otto Gustav Carlsund
1810,_1811,Sanyu
1811,_1812,the Quest of the Holy Grail
1812,_1813,Helio Oiticica
1813,_1814,Jidai Kagami
1814,_1815,23
1815,_1816,Vsevolod Maksymovych
1816,_1817,7
1817,_1818,Winter
1818,_1819,Roy Lichtenstein
1819,_1820,Twins Seven Seven
1820,_1821,36
1821,_1822,77
1822,_1823,39
1823,_1824,Tax Collector in the Temple
1824,_1825,Modest Cuixart
1825,_1826,Leon Arthur Tutundjian
1826,_1827,Mustafa Duzgunman
1827,_1828,75
1828,_1829,76
1829,_1830,Marcelle Loubchansky
1830,_1831,Max Meldrum
1831,_1832,Edward Corbett
1832,_1833,Amilcar de Castro
1833,_1834,Africa
1834,_1835,Jose Manuel Capuletti
1835,_1836,Ralston Crawford
1836,_1837,Lilia Carrillo
1837,_1838,Roger Fry
1838,_1839,"Prospero, Miranda and Caliban Spy "
1839,_1840,New Mexico
1840,_1841,Angelo
1841,_1842,Herbert Zangs
1842,_1843,Fete du 8 Juin 1902  
1843,_1844,Jean Le Moal
1844,_1845,Tejo e topo do arco da Rua Augusta
1845,_1846,Clarence Holbrook Carter
1846,_1847,Cromer 
1847,_1848,Un Jules Avec Verre De Schnaps
1848,_1849,x2 + bx + c rouge-vert
1849,_1850,David Spareth Saul's Life 
1850,_1851,Fred Sandback
1851,_1852,Nikos Hadjikyriakos-Ghikas
1852,_1853,The Idle Servan 
1853,_1854,Alfred Jensen
1854,_1855,Mykola Pymonenko
1855,_1856,Battle of the Somme
1856,_1857,Bram Bogart
1857,_1858,Cookham
1858,_1859,Domingos Sequeira
1859,_1860,Camel driver 
1860,_1861,St. Ives
1861,_1862,Cat On A Cushion 
1862,_1863,Ascensão
1863,_1864,Mimmo Rotella
1864,_1865, François Leclerc du Tremblay
1865,_1866,Matej Sternen
1866,_1867,Rudolf de Crignis
1867,_1868,Emile Bernard
1868,_1869,"Sow a reasonable, good, eternal …"
1869,_1870,Stortrollet i breifonnen
1870,_1871,Manuel Rivera
1871,_1872,Pierre Roy
1872,_1873,Karl Schmidt-Rottluff
1873,_1874,"Blackberry, pattern #388"
1874,_1875,Hans Heysen
1875,_1876,Enrico Baj
1876,_1877,Antonio Corpora
1877,_1878,Johan Christian Dahl
1878,_1879,Oskar Holweck
1879,_1880, Thalia Flora-Karavia 
1880,_1881,set design  
1881,_1882,Gerhard von Graevenitz
1882,_1883,with Vasiliy Shukhaev
1883,_1884,Natalia Dumitresco
1884,_1885,Clyfford Still
1885,_1886,Alexander Orlowski
1886,_1887,Julius Evola
1887,_1888,Ceifeiras
1888,_1889,original drawing 
1889,_1890,Louis Janmot
1890,_1891,Henrique Pousao
1891,_1892,Quarts A Gauche- La Tete Tournee A Droite 
1892,_1893,Gerard Sekoto
1893,_1894,Moshe Kupferman
1894,_1895,Consciousness
1895,_1896,les trois sorcières
1896,_1897,H.R. Giger
1897,_1898,Church of the Covenant (Boston)
1898,_1899,Baby in Blue
1899,_1900,"Hyacinth, pattern #480"
1900,_1901,Atanasio Soldati
1901,_1902,Kristian Hjerteknuser 
1902,_1903,Adolf Fleischmann
1903,_1904,Jagdish Swaminathan
1904,_1905,Fikret Mualla Saygi
1905,_1906,Paul Gavarni
1906,_1907,The Nightingale
1907,_1908,Lygia Pape
1908,_1909,Joan Ponc
1909,_1910,Claude Georges
1910,_1911,Reuben Nakian
1911,_1912,The Prince Asked Who She Was
1912,_1913,Light Snowfall
1913,_1914,Karl Schrag
1914,_1915,Karlovo
1915,_1916,Classical Beauty
1916,_1917,Mikhail Lebedev
1917,_1918,San Sebastian
1918,_1919,The holiday of harvest 
1919,_1920,The appearance of a young girl of the Meiji era
1920,_1921,Louay Kayyali
1921,_1922,The appearance of a fireman’s wife in the Kaei era
1922,_1923,Black Line
1923,_1924,Escape of nairyans
1924,_1925,"all equal (egaux-ego, buth pronounced alike)"
1925,_1926,Waking Up 2
1926,_1927,Mirror of the Ages
1927,_1928,Lady Macbeth somnambule
1928,_1929,The appearance of a maiden of the Koka era
1929,_1930,Contemplation
1930,_1931,14
1931,_1932,Jack Tworkov
1932,_1933,Waking Up
1933,_1934,The machinery
1934,_1935,Waking up
1935,_1936,Serge Brignoni
1936,_1937,Fornasetti
1937,_1938,John Stuart Ingle
1938,_1939,Jorg Immendorff
1939,_1940,Left-hand panel: The Traps
1940,_1941,Stanley Boxer
1941,_1942,Right-hand panel: The Unborn
1942,_1943,Horacio Garcia-Rossi
1943,_1944,from The Tempest
1944,_1945,Electrique transparence
1945,_1946,Homer Watson
1946,_1947,Pietro Lazzari
1947,_1948,Reunion 2
1948,_1949,Reunion
1949,_1950,Sophie Taeuber-Arp
1950,_1951,Summer
1951,_1952,Passion (Desire Beatitude)
1952,_1953,May Wilson
1953,_1954,Mestre Ataíde
1954,_1955,Violet
1955,_1956,Hannelore Baron
1956,_1957,Atsuko Tanaka
1957,_1958,Hans Hartung
1958,_1959,Aberdeen 
1959,_1960,Barton Lidice Benes
1960,_1961,Blue
1961,_1962,Yellow
1962,_1963,Green
1963,_1964,Les Pantalons et la Chemis
1964,_1965,Nzante Spee
1965,_1966,trois sorcières assises sur la lande
1966,_1967,trois sorcières courent sur la lande
1967,_1968,Hécate et les trois sorcières
1968,_1969,les sorcières-1
1969,_1970,les sorcières
1970,_1971,les trois socières font la ronde
1971,_1972,assassinat de Banquo
1972,_1973,les trois sorcières agenouillées
1973,_1974,entrée des sorcières
1974,_1975,Orange
1975,_1976,John Duncan Fergusson
1976,_1977,Red
1977,_1978,Nachfolger. Kapelle am Wegesrand
1978,_1979,leuchtrot warm
1979,_1980,"Trollet som grunner på hvor gammelt det er,"
1980,_1981,Prudence Heward
1981,_1982,Fernando Lanhas
1982,_1983,Indigo
1983,_1984,Arthur Pinajian
1984,_1985,Cristovao de Figueiredo
1985,_1986,Norman Zammitt
1986,_1987,Allâhu Vahdehû
1987,_1988,Georges Rouault
1988,_1989,Kasumi Bunsho
1989,_1990,Philip de Laszlo
1990,_1991,left panel
1991,_1992,the Fur Cape
1992,_1993,André Lhote
1993,_1994,Evening
1994,_1995,Boceto para el velorio
1995,_1996,Taro Yamamoto
1996,_1997,illustration to Fairies I Have Met
1997,_1998,20.3.08 (Clifford Dies)
1998,_1999,John Brack
1999,_2000,Opus 2
2000,_2001,Yves Gaucher
2001,_2002,Hiroshi Yoshida
2002,_2003,Petits Fieux 
2003,_2004,Alighiero Boetti
2004,_2005,Messolonghi Lagoon
2005,_2006,Paul Wonner
2006,_2007,Petro Kholodny (Elder)
2007,_2008,The appearance of a proprietress of the Kaei era
2008,_2009,Leo Leuppi
2009,_2010,Bart van der Leck
2010,_2011,Jardim da Estrela (signed Possoz but attributed to Eduardo Viana)
2011,_2012,right panel
2012,_2013, Pantalone
2013,_2014,Amedee Ozenfant
2014,_2015,Original drawing
2015,_2016,from the Picture Book for the Red Cross
2016,_2017,Nassos Daphnis
2017,_2018,2
2018,_2019,The appearance of a wife during the Meiji era
2019,_2020,Roman Opalka
2020,_2021,The appearance of a courtesan of the Kaei period
2021,_2022,Eduardo Viana
2022,_2023, Capitain
2023,_2024,Edna Andrade
2024,_2025,Early Morning 
2025,_2026,Theo Gerber
2026,_2027,Modality Series
2027,_2028,Nathan Oliveira
2028,_2029,Nicholas Hilliard
2029,_2030,Owon
2030,_2031,The Golden Bay 
2031,_2032,3
2032,_2033,Varlin
2033,_2034,Grace Cossington Smith
2034,_2035,Brett Whiteley
2035,_2036,Kenzo Okada
2036,_2037,Be Careful!
2037,_2038,Luigi Russolo
2038,_2039,Carmelo Arden Quin
2039,_2040,Kelime-i Tevhid
2040,_2041,Shotei Takahashi
2041,_2042,Buddha II
2042,_2043,Sommersegen II
2043,_2044,10.3.07
2044,_2045,Jean Messagier
2045,_2046,Meret Oppenheim
2046,_2047,Love
2047,_2048,Gunther Gerzso
2048,_2049,5.11.07
2049,_2050,10.7.06
2050,_2051,11.7.07
2051,_2052,Armand Henrion
2052,_2053,Soen Kogaku 
2053,_2054,28.8.07
2054,_2055,he said turning to Alice
2055,_2056,Love Disarmed and Bound
2056,_2057,Aurelie Nemours
2057,_2058,Stephen Mueller
2058,_2059,James Lee Byars
2059,_2060,Benito Quinquela Martin
2060,_2061,I WENT TO THE ZOO YESTERDAY SHE
2061,_2062,Taro Okamoto
2062,_2063,Adam Baltatu
2063,_2064,Henry Villierme
2064,_2065,Anne Truitt
2065,_2066,Weiss auf Schwarz
2066,_2067,Emile Galle
2067,_2068,Max Bill
2068,_2069,M
2069,_2070,Omar Rayo
2070,_2071,Rudolf Bauer
2071,_2072,Adolf Dietrich
2072,_2073,Richard Paul Lohse
2073,_2074,Cesar Domela
2074,_2075,Enrique Grau
2075,_2076,Mathias Goeritz
2076,_2077,Aldo Mondino
2077,_2078,Ray Parker
2078,_2079,Jesus Rafael Soto
2079,_2080,Grégoire Michonze
2080,_2081,Martin Barre
2081,_2082,Charles Bell
2082,_2083,Gregorio Vardanega
2083,_2084,Bernard Schultze
2084,_2085,27 (Stone)
2085,_2086,Dal Giallo
2086,_2087,Mary Fedden
2087,_2088,Gunther Forg
2088,_2089,Lygia Clark
2089,_2090,Henk Peeters
2090,_2091,Vicente Manansala
2091,_2092,Ward Jackson
2092,_2093,Robert Strubin
2093,_2094,The Appearance of a Young Lady from Nagoya During the Ansei era
2094,_2095,Michel Parmentier
2095,_2096,Tan
2096,_2097,Leon Spilliaert
2097,_2098,IV
2098,_2099,Raphael Delorme
2099,_2100, Jester
2100,_2101,Returning
2101,_2102,Henri Laurens
2102,_2103,Pol Bury
2103,_2104,Village Life
2104,_2105,left
2105,_2106,right
2106,_2107,Benjamin and Flopsy Bunny
2107,_2108,Camille Bryen
2108,_2109,Abanindranath Tagore
2109,_2110,Jorge Camacho
2110,_2111, François Leclerc du Tremblay (detail)
2111,_2112,Burhan Dogancay
2112,_2113,Milton Resnick
2113,_2114,Raoul Ubac
2114,_2115,Pythagoras
2115,_2116,Georges Ribemont-Dessaignes
2116,_2117,Serge Charchoune
2117,_2118,Oliver Kilbourn
2118,_2119,Myron Stout
2119,_2120,O Eremita
2120,_2121,Radi Nedelchev
2121,_2122,Nicholas Krushenick
2122,_2123,Alexander Boghossian
2123,_2124,Oyvind Fahlstrom
2124,_2125,Sputa sentenze?
2125,_2126,Martha Boto
2126,_2127,Eugene Leroy
2127,_2128,no. 396
2128,_2129,Chestnut Tree
2129,_2130,Dieter Roth
2130,_2131,Benjamin Canas
2131,_2132,L'Albbé
2132,_2133,Peter Busa
2133,_2134,Anni Albers
2134,_2135,Afro
2135,_2136,The Emperor Shah Jahan
2136,_2137,Yov Kondzelevych
2137,_2138,Robert Nickle
2138,_2139,"Nikolai Evreinov ""Pro Scena Suo.."""
2139,_2140,Herbst auf der Oschwand
2140,_2141,Helmut Sturm
2141,_2142,Woman in Front of Mirror 
2142,_2143,no. 209
2143,_2144,Fred Yates
2144,_2145,George Saru
2145,_2146,Huguette Arthur Bertrand
2146,_2147,21 (NOR)
2147,_2148,Getz/Gilberto #2
2148,_2149,Jalouzieënreliëf/Fanlight-shutters
2149,_2150,Ryuzaburo Umehara
2150,_2151,Louis Schanker
2151,_2152,Ernst Wilhelm Nay
2152,_2153,Winifred Nicholson
2153,_2154,Raoul De Keyser
2154,_2155,Tetsuya Ishida
2155,_2156,Christopher Wilmarth
2156,_2157,Early Summer's Rain
2157,_2158,Peter Laszlo Peri
2158,_2159,Maurice Braun
2159,_2160,69
2160,_2161,Max Gubler
2161,_2162,Gustave Buchet
2162,_2163,Ebb tide 
2163,_2164,Mario Prassinos
2164,_2165,Roberto Sambonet
2165,_2166,SF78-235
2166,_2167,Gebre Kristos Desta
2167,_2168,A (心)
2168,_2169,Jean-Michel Atlan
2169,_2170,18.06.98
2170,_2171,Flood tide 
2171,_2172,Bucks County
2172,_2173,California
2173,_2174,Autumn Dusk
2174,_2175,Country Road  
2175,_2176,Luigi Veronesi
2176,_2177,said Joe
2177,_2178,Willi Baumeister
2178,_2179,"said Scrooge, caustic and cold as ever"
2179,_2180,Maynard Dixon
2180,_2181,Maurice Boitel
2181,_2182,Hans am Ende
2182,_2183,vent lumiere
2183,_2184,Early Spring Landscape 
2184,_2185,"Port, Mistral, Nuit "
2185,_2186,15
2186,_2187,Allah
2187,_2188,Havmannen
2188,_2189,Faces in a Grid (Red and Blue) 
2189,_2190,The Modern Romania
2190,_2191,A Fire
2191,_2192,Faces in a Grid (Red) 
2192,_2193,HET KOREN
2193,_2194,"1706), Lieutenant Admiral of Zeeland "
2194,_2195,In Paris
2195,_2196,Nice
2196,_2197,Torii Kotondo
2197,_2198,Nasreen Mohamedi
2198,_2199,Outside
2199,_2200,Palma
2200,_2201,Plakat
2201,_2202,nuit
2202,_2203,Hills to the left
2203,_2204,Champs dynamique
2204,_2205,Irregularity V
2205,_2206,said one
2206,_2207,Akira Kanayama
2207,_2208,Chincoteague/Matoala
2208,_2209,vous 
2209,_2210,2 (NOR)
2210,_2211,Omer Uluc
2211,_2212,Biosensible Ultrapainting
2212,_2213,Total Eclipse / Rotorelief n°12
2213,_2214,∞ /detail 868149-893746
2214,_2215,S. Cristovão
2215,_2216,During Death Oblivion
2216,_2217,La Cruche saigne
2217,_2218,Day
2218,_2219,Mario Comensoli
2219,_2220,GRB I
2220,_2221,Guy Mees
2221,_2222,Bali
2222,_2223,Lake Superior Sketch XXXIV
2223,_2224,Mon Tokyo
2224,_2225,Skogtrold
2225,_2226,champ à Slack
2226,_2227,Re Rom 337
2227,_2228,Knight's Flowage
2228,_2229,The City and Its People
2229,_2230,Jam Brook
2230,_2231,Lady in the Hat VI
2231,_2232,Untitled XIX
2232,_2233,Friedensreich Hundertwasser
2233,_2234,Chincoteague
2234,_2235,Omaggio a Morandi
2235,_2236,Gego
2236,_2237,Grey
2237,_2238,Kuno Gonschior
2238,_2239,Vogelvase
2239,_2240,Man of Peace
2240,_2241,18
2241,_2242,Sunset
2242,_2243,A revolta das bonecas
2243,_2244,1 (NOR)
2244,_2245,Goa
2245,_2246,linhas horizontais
2246,_2247,a three-folded screen
2247,_2248,grand chat
2248,_2249,The Pelican Portrait
2249,_2250,"Plum Island, (Newburyport) Massachusettes"
2250,_2251,Robert Heinecken
2251,_2252,Pax Vobiscum
2252,_2253,Ralph Hotere
2253,_2254,Picadilly
2254,_2255,Gold and Brown
2255,_2256,Christian Rohlfs
2256,_2257,JCJ Vanderheyden
2257,_2258,Gold and Blue (Sertão Carioca)
2258,_2259,7th Avenue Style
2259,_2260, Architect's visual 
2260,_2261,Papier peint
2261,_2262,Hannah Hoch
2262,_2263,Ayet-i Kerîme
2263,_2264,do livro Menino de Engenho  
2264,_2265,Ombra di Allen Jones
2265,_2266,Ou Kaapstad
2266,_2267,"Blue, Blauw, Blau, Blue"""
2267,_2268,Setters & Pointer
2268,_2269,Portella della ginestra
2269,_2270,Sandskopa
2270,_2271,Wintry Sky
2271,_2272,The dance
2272,_2273,Skogtroll
2273,_2274,Nicolas Carone
2274,_2275,red and yellow
2275,_2276,My Visions
2276,_2277,Crucifixion
2277,_2278,Abstracted 
2278,_2279,(Peaches and Grapes) 
2279,_2280,(Three Pears and Grapes) 
2280,_2281,(On the Seine) 
2281,_2282,Trees and Plains
2282,_2283,(Fruit in Basket) 
2283,_2284,From Rainday on a Rainy Day
2284,_2285,Self Portrait
2285,_2286,(On the Wire) 
2286,_2287,"Revista Portugueza"""
2287,_2288,From the Ranch I
2288,_2289,∞ / détail 4875812
2289,_2290,∞ / détail 4914800
2290,_2291,∞ / détail 4894231
2291,_2292,∞ /carte de voyage détail 2333587
2292,_2293,no. 817B
2293,_2294,Japanese: Summer
2294,_2295,D4
2295,_2296,(Café on the Boulevard Clichy) 
2296,_2297,Komissarghevskaia
2297,_2298,Le Torrent vert
2298,_2299,Earth
2299,_2300,La coupe pleine
2300,_2301,Asgrimur Jonsson
2301,_2302,Minho)
2302,_2303,no. 507
2303,_2304,nude and with pitcher
2304,_2305,Air
2305,_2306,O/N/69
2306,_2307,4
2307,_2308,Harlequin
2308,_2309,Moon
2309,_2310,Sun-Box III
2310,_2311,no. 301
2311,_2312,Water
2312,_2313,Toloas
2313,_2314,Doces e Flores
2314,_2315,Le tout en nain
2315,_2316,Tierra
2316,_2317,Aire
2317,_2318,"Ploughed Fields, Maryland"
2318,_2319,Pathway to the Sea
